Workbook

Sheet ScaInit

Sheet PLT_201_MST_032_V1
J1: CENTRALES ELÉCTRICAS DEL NORTE DE SANTANDER S.A. E.S.P. SISTEMA DE GESTIÓN INTEGRADO
J3: PLANILLA DE REGISTRO SUBESTACIÓN LA MIEL
A4: NÚMERO OT | AB4: FECHA (dd/mm/aa) | BJ4: Pág 1 de 2
A5: EJECUTÓ | BE5: HORA
A6: CONVENCIONES | L6: X | N6: PARA REVISAR | W6: P | Y6: PENDIENTE | AG6: U | AI6: URGENTE | AR6: √ | AT6: BUEN ESTADO Y/O NORMAL | BJ6: NA | BL6: NO APLICA
A7: NIVEL 34.5KV
A8: TRANSFORMADORES DE TENSIÓN Y DPS 34.5 KV
A10: DETALLE | J10: TRANSFORMADORES DE TENSIÓN | AB10: DPS | AE10: CONT. DESC. DPS FP | AN10: FASE R | AY10: FASE R | BJ10: FASE S
J11: FASE A | P11: FASE B | V11: FASE C | AB11: FP
A12: Conectores | AE12: OBSERVACIONES:
A13: Porcelana
A14: Caja de agrupamiento
A15: Limpieza
A16: Cableado
A17: Puesta a tierra
A18: SECCIONADORES ASOCIADOS 34.5 KV
A20: Seccionadores | J20: SB11 | N20: ST12 | R20: Seccionadores | AA20: SB11 | AE20: ST12 | AI20: OBSERVACIONES:
A21: Estado | R21: Estado
A22: Conectores | R22: Gab. De Control
A23: Porcelana | R23: Aisladores
A24: Mecanismo | R24: Puesta a tierra
A25: Accionamiento
A26: TRANSFORMADOR DE CORRIENTE | M26: INTERRUPTOR DE 34.5KV IT 10 | BF26: PRESIONES DE SF6 Y MANIOBRAS INTERRUPTOR IT10
M27: DETALLE | X27: IT10 | AB27: DETALLE | AM27: IT10 | AQ27: DETALLE | BB27: IT10
A28: Conectores | M28: Conectores | AB28: Mangueras presión | AQ28: Breakers | BF28: Presión Nominal
A29: Porcelana | M29: Conductores eléctr. | AB29: Estructura metálica | AQ29: Iluminación
A30: Caja de agrupamiento | M30: Porcelana | AB30: Puesta a tierra | AQ30: DPS | BF30: Presión Leída
A31: Limpieza | M31: Sistema mecánico | AB31: Gabinete de control | AQ31: Mandos
A32: Cableado | M32: Presión de SF6 | AB32: Borneras | AQ32: Calefacción | BF32: Número Maniobras interruptor IT10
A33: Puesta a tierra | M33: Manómetros | AB33: Cableado | AQ33: Limpieza
A34: OBSERVACIONES:
A35: TRANSFORMADOR 34.5/13.8kV | AM35: Contador de descargas | BB35: Estado silica gel | BM35: Nivel de aceite
A36: Conductores primarios | T36: Gabinete de control | AM36: FASES | AR36: PRIM. | AW36: SECUND.
A37: Conectores | T37: Breaker | AM37: FASE R | BR37: OLTC
A38: Bujes primarios | T38: Bornera | AM38: FASE S | BB38: Color actual del GEL | BM38: 80ºC Max.
A39: Bujes secundarios | T39: Cableado | AM39: FASE T | BB39: Posición conmutador
A40: Silica gel | T40: Iluminación | AM40: TEMPERATURAS | BM40: 25ºC Norm
A41: Termómetro del aceite | T41: Limpieza | AM41: Aceite | AR41: AT | AW41: BT
A42: Termómetro devanado | T42: Mandos | BM42: 20ºC Min
A43: Conduct. secundarios | T43: DPS
A44: OBSERVACIONES:
A45: NÚMERO OT | AB45: FECHA (dd/mm/aa) | BJ45: Pág 2 de 2
A46: NIVEL 13.8kV
A47: INTERRUPTOR DE 13.8KV
A48: IT20 | AM48: PRESIONES DE SF6 Y MANIOBRAS INTERRUPTOR IT20 | BB48: OBSERVACIONES:
A50: Conectores | O50: Mangueras presión | AC50: Breakers | AM50: Presión Nominal
A51: Conductores eléctr. | O51: Estructura metálica | AC51: Iluminación
A52: Porcelana | O52: Puesta a tierra | AC52: DPS | AM52: Presión Leída
A53: Sistema mecánico | O53: Gabinete de control | AC53: Mandos
A54: Presión de SF6 | O54: Borneras | AC54: Calefacción | AM54: Número Maniobras interruptor IT10
A55: Manómetros | O55: Cableado | AC55: Limpieza
A56: SECCIONADORES ASOCIADOS 13.8 KV
A58: Seccionadores | J58: SB21 | N58: Seccionadores | W58: SB21 | AA58: Seccionadores | AJ58: SB21 | AN58: OBSERVACIONES:
A59: Estado | N59: Mecanismo | AA59: Aisladores
A60: Conectores | N60: Accionamiento | AA60: Puesta a tierra
A61: Porcelana | N61: Gab. De Control
A62: TRANSFORMADOR DE CORRIENTE | X62: TRANSFORMADOR DE TENSIÓN | AU62: OBSERVACIONES:
A63: Conectores | I63: FASE A | N63: FASE B | S63: FASE C | X63: ELEMENTO | AF63: FASE A | AK63: FASE B | AP63: FASE C
A64: Porcelana | X64: Conectores
A65: Caja de agrup. | X65: Porcelana
A66: Limpieza | X66: Limpieza
A67: Cableado | X67: Cableado
A68: Puesta a tierra | X68: Puesta tierra
A69: RECONECTADORES SALIDA 13.8KV | AX69: OBSERVACIONES:
A70: ELEMENTO | R70: R267 | W70: RC0196 | AB70: ELEMENTO | AN70: R267 | AS70: RC0196
A71: Tanque Reconectador | AB71: Hermeticidad control
A72: Conectores y bujes de entrada | AB72: Breaker AC Serv. Aux
A73: Conectores y bujes de salida | AB73: Breaker Baterías
A74: DPS salida Reconectador | AB74: DPS / Varistor
A75: Sistema de puesta a tierra | AB75: Limpieza Gab. Control
A76: Número Operaciones | AB76: Estructura Soporte
A77: SECCIONADOR MONOPOLAR 13.8 KV | BD77: DPS
A78: ELEMENTO | K78: LA VEGA | T78: LAS CUADRAS | AC78: SALOBRE | AL78: SANTA ROSA | AU78: SERVICIOS AUX | BD78: ELEMENTO | BK78: SERVI. AUX | BP78: ENTRADATRAFO
K79: FASE A | N79: FASE B | Q79: FASE C | T79: FASE A | W79: FASE B | Z79: FASE C | AC79: FASE A | AF79: FASE B | AI79: FASE C | AL79: FASE A | AO79: FASE B | AR79: FASE C | AU79: FASE A | AX79: FASE B | BA79: FASE C
A80: Estado físico equipo | BD80: Estado físico equipo
A81: Aisladores | BD81: Aisladores
A82: Conectores | BD82: Conectores
A83: Enganche (Lam - Gat) | BD83: Conductor
A84: Conductor | BD84: Conexión
A85: OBSERVACIONES:
A86: INSTALACIONES/LOCATIVAS | BA86: OBSERVACIONES:
A87: DETALLE | I87: ESTADO | Y87: DETALLE | AK87: ESTADO
A88: Iluminación | I88: Óptima | Q88: Regular | Y88: Candado | AK88: Óptimo | AS88: Regular
A89: Aseo | I89: Si | Q89: No | Y89: Acceso vehicular | AK89: Óptimo | AS89: Regular
A90: Maleza | I90: SI | Q90: No | Y90: Zona Tránsito Vehicular | AK90: Óptimo | AS90: Regular
A91: Triturado | I91: Óptimo | Q91: Regular | Y91: Canal. aguas lluvias | AK91: Óptimo | AS91: Regular
A92: Encerramiento | I92: Óptimo | Q92: Regular | Y92: Cámara Vigilancia | AK92: Óptimo | AS92: Regular
B95: Revisado por: | AD95: Aprobado por:
AM96: Profesional P1 Mantenimiento y Montajes - Subestaciones y Líneas
A99: CÓDIGO: PLT_201_MST_032 / V: 2.0 / Fecha última actualización 2024/02/28

Sheet PLT_201_MST_032_ACT
J1: CENTRALES ELÉCTRICAS DEL NORTE DE SANTANDER S.A. E.S.P. SISTEMA DE GESTIÓN INTEGRADO
J3: PLANILLA DE REGISTRO SUBESTACIÓN LA MIEL- MAPEO POR CELDAS
A4: NÚMERO OT | J4: J4 | AB4: FECHA (dd/mm/aa) | AN4: AN4 | BJ4: Pág 1 de 2
A5: EJECUTÓ | J5: J5 | BE5: HORA | BJ5: BJ15
A6: CONVENCIONES | L6: X | N6: PARA REVISAR | W6: P | Y6: PENDIENTE | AG6: U | AI6: URGENTE | AR6: √ | AT6: BUEN ESTADO Y/O NORMAL | BJ6: NA | BL6: NO APLICA
A7: NIVEL 34.5KV
A8: 2. TRANSFORMADORES DE TENSIÓN Y DPS 34.5 KV
A10: DETALLE | J10: TRANSFORMADORES DE TENSIÓN | AB10: DPS | AE10: CONT. DESC. DPS FP | AN10: FASE R | AS10: AS10 | AY10: FASE R | BD10: BD10 | BJ10: FASE S | BO10: BQ10
J11: FASE A | P11: FASE B | V11: FASE C | AB11: FP
A12: Conectores | J12: J12 | P12: P12 | V12: V12 | AB12: AB12 | AE12: OBSERVACIONES:
A13: Porcelana | J13: J13 | P13: P13 | V13: V13 | AB13: AB13 | AE13: AE10
A14: Caja de agrupamiento | J14: J14 | P14: P14 | V14: V14 | AB14: AB14
A15: Limpieza | J15: J15 | P15: P15 | V15: V15 | AB15: AB15
A16: Cableado | J16: J16 | P16: P16 | V16: V16 | AB16: AB16
A17: Puesta a tierra | J17: J17 | P17: P17 | V17: V17 | AB17: AB17
A18: 3. SECCIONADORES ASOCIADOS 34.5 KV
A20: Seccionadores | J20: SB11 | N20: ST12 | R20: Seccionadores | AA20: SB11 | AE20: ST12 | AI20: OBSERVACIONES:
A21: Estado | J21: J21 | N21: N21 | R21: Estado | AA21: AA21 | AE21: AE21 | AI21: AI21
A22: Conectores | J22: J22 | N22: N22 | R22: Gab. De Control | AA22: AA22 | AE22: AE22
A23: Porcelana | J23: J23 | N23: N23 | R23: Aisladores | AA23: AA23 | AE23: AE23
A24: Mecanismo | J24: J24 | N24: N24 | R24: Puesta a tierra | AA24: AA24 | AE24: AE24
A25: Accionamiento | J25: J25 | N25: N25
A26: 4, TRANSFORMADOR DE CORRIENTE 34.5 KV | M26: 4, INTERRUPTOR DE 34.5KV IT 10 | BF26: 4, PRESIONES DE SF6 Y MANIOBRAS INTERRUPTOR IT10
M27: DETALLE | X27: IT10 | AB27: DETALLE | AM27: IT10 | AQ27: DETALLE | BB27: IT10
A28: Conectores | H28: H28 | M28: Conectores | X28: X28 | AB28: Mangueras presión | AM28: AM28 | AQ28: Breakers | BB28: BB28 | BF28: Presión Nominal | BP28: BP28
A29: Porcelana | H29: H29 | M29: Conductores eléctr. | X29: X29 | AB29: Estructura metálica | AM29: AM29 | AQ29: Iluminación | BB29: BB29
A30: Caja de agrupamiento | H30: H30 | M30: Porcelana | X30: X30 | AB30: Puesta a tierra | AM30: AM30 | AQ30: DPS | BB30: BB30 | BF30: Presión Leída | BP30: BP30
A31: Limpieza | H31: H31 | M31: Sistema mecánico | X31: X31 | AB31: Gabinete de control | AM31: AM31 | AQ31: Mandos | BB31: BB31
A32: Cableado | H32: H32 | M32: Presión de SF6 | X32: X32 | AB32: Borneras | AM32: AM32 | AQ32: Calefacción | BB32: BB32 | BF32: Número Maniobras interruptor IT10 | BP32: BP32
A33: Puesta a tierra | H33: H33 | M33: Manómetros | X33: X33 | AB33: Cableado | AM33: AM33 | AQ33: Limpieza | BB33: BB33
A34: OBSERVACIONES: | AM34: am34
A35: 5, TRANSFORMADOR 34.5/13.8kV | AM35: 5, Contador de descargas | BB35: 5, Estado silica gel | BM35: 5, Nivel de aceite
A36: Conductores primarios | M36: M36 | T36: Gabinete de control | AF36: AF36 | AM36: FASES | AR36: PRIM. | AW36: SECUND.
A37: Conectores | M37: M37 | T37: Breaker | AF37: AF37 | AM37: FASE R | AR37: AR37 | AW37: AW37 | BB37: BB37 | BR37: OLTC
A38: Bujes primarios | M38: M38 | T38: Bornera | AF38: AF38 | AM38: FASE S | AR38: AR38 | AW38: aw38 | BB38: Color actual del GEL | BG38: BG38 | BM38: 80ºC Max. | BS38: BS38
A39: Bujes secundarios | M39: M39 | T39: Cableado | AF39: AF39 | AM39: FASE T | AR39: AR39 | AW39: AW39 | BB39: Posición conmutador
A40: Silica gel | M40: M40 | T40: Iluminación | AF40: AF40 | AM40: TEMPERATURAS | BM40: 25ºC Norm | BS40: BS40
A41: Termómetro del aceite | M41: M41 | T41: Limpieza | AF41: AF41 | AM41: Aceite | AR41: AT | AW41: BT
A42: Termómetro devanado | M42: M42 | T42: Mandos | AF42: AF42 | AM42: AM42 | AR42: AR42 | AW42: AW42 | BB42: BB42 | BM42: 20ºC Min | BS42: BS42
A43: Conduct. secundarios | M43: M43 | T43: DPS | AF43: AF43
A44: OBSERVACIONES: | AM44: AM44
A45: NÚMERO OT | J45: J45 | AB45: FECHA (dd/mm/aa) | AN45: AN45 | BJ45: Pág 2 de 2
A46: NIVEL 13.8kV
A47: 6. INTERRUPTOR DE 13.8KV
A48: 6, IT20 | AM48: 6, PRESIONES DE SF6 Y MANIOBRAS INTERRUPTOR IT20 | BB48: 6, OBSERVACIONES:
A50: Conectores | K50: K50 | O50: Mangueras presión | Y50: Y50 | AC50: Breakers | AI50: AI50 | AM50: Presión Nominal | AW50: AW50 | BB50: BB50
A51: Conductores eléctr. | K51: K51 | O51: Estructura metálica | Y51: Y51 | AC51: Iluminación | AI51: AI51
A52: Porcelana | K52: K52 | O52: Puesta a tierra | Y52: Y52 | AC52: DPS | AI52: AI52 | AM52: Presión Leída | AW52: AW52
A53: Sistema mecánico | K53: K53 | O53: Gabinete de control | Y53: Y53 | AC53: Mandos | AI53: AI53
A54: Presión de SF6 | K54: K54 | O54: Borneras | Y54: Y54 | AC54: Calefacción | AI54: AI54 | AM54: Número Maniobras interruptor IT10 | AW54: AW54
A55: Manómetros | K55: K55 | O55: Cableado | Y55: Y55 | AC55: Limpieza | AI55: AI55
A56: 7, SECCIONADORES ASOCIADOS 13.8 KV
A58: Seccionadores | J58: SB21 | N58: Seccionadores | W58: SB21 | AA58: Seccionadores | AJ58: SB21 | AN58: OBSERVACIONES:
A59: Estado | J59: J59 | N59: Mecanismo | W59: W59 | AA59: Aisladores | AJ59: Aj59 | AN59: AN59
A60: Conectores | J60: J60 | N60: Accionamiento | W60: W60 | AA60: Puesta a tierra | AJ60: Aj60
A61: Porcelana | J61: J61 | N61: Gab. De Control | W61: W61
A62: 8, TRANSFORMADOR DE CORRIENTE | X62: TRANSFORMADOR DE TENSIÓN | AU62: OBSERVACIONES:
A63: ELEMENTO | I63: FASE A | N63: FASE B | S63: FASE C | X63: ELEMENTO | AF63: FASE A | AK63: FASE B | AP63: FASE C
A64: Conectores | I64: I64 | N64: N64 | S64: S64 | X64: Conectores | AF64: AF64 | AK64: AK64 | AP64: AP64 | AU64: AU64
A65: Porcelana | I65: I65 | N65: N65 | S65: S65 | X65: Porcelana | AF65: AF65 | AK65: AK65 | AP65: AP65
A66: Caja de agrup. | I66: I66 | N66: N66 | S66: S66 | X66: Limpieza | AF66: AF66 | AK66: AK66 | AP66: AP66
A67: Limpieza | I67: I67 | N67: N67 | S67: S67 | X67: Cableado | AF67: AF67 | AK67: AK67 | AP67: AP67
A68: Cableado | I68: I68 | N68: N68 | S68: S68 | X68: Puesta tierra | AF68: AF68 | AK68: AK68 | AP68: AP68
A69: Puesta a tierra | I69: I69 | N69: N69 | S69: S69
A70: 9, RECONECTADORES SALIDA 13.8KV | AX70: OBSERVACIONES:
A71: ELEMENTO | R71: R267 | W71: RC0196 | AB71: ELEMENTO | AN71: R267 | AS71: RC0196 | AX71: AX71
A72: Tanque Reconectador | R72: R72 | W72: W72 | AB72: Hermeticidad control | AN72: AN72 | AS72: AS72
A73: Conectores y bujes de entrada | R73: R73 | W73: W73 | AB73: Breaker AC Serv. Aux | AN73: AN73 | AS73: AS73
A74: Conectores y bujes de salida | R74: R74 | W74: W74 | AB74: Breaker Baterías | AN74: AN74 | AS74: AS74
A75: DPS salida Reconectador | R75: R75 | W75: W75 | AB75: DPS / Varistor | AN75: AN75 | AS75: AS75
A76: Sistema de puesta a tierra | R76: R76 | W76: W76 | AB76: Limpieza Gab. Control | AN76: AN76 | AS76: AS76
A77: Número Operaciones | R77: R77 | W77: W77 | AB77: Estructura Soporte | AN77: AN77 | AS77: AS77
A78: 10, SECCIONADOR MONOPOLAR 13.8 KV | BD78: DPS
A79: ELEMENTO | K79: LA VEGA | T79: LAS CUADRAS | AC79: SALOBRE | AL79: SANTA ROSA | AU79: SERVICIOS AUX | BD79: ELEMENTO | BK79: SERVI. AUX | BP79: ENTRADATRAFO
K80: FASE A | N80: FASE B | Q80: FASE C | T80: FASE A | W80: FASE B | Z80: FASE C | AC80: FASE A | AF80: FASE B | AI80: FASE C | AL80: FASE A | AO80: FASE B | AR80: FASE C | AU80: FASE A | AX80: FASE B | BA80: FASE C
A81: Estado físico equipo | K81: K81 | N81: N81 | Q81: Q81 | T81: T81 | W81: W81 | Z81: Z81 | AC81: AC81 | AF81: AF81 | AI81: AI81 | AL81: AL81 | AO81: AQ81 | AR81: AR81 | AU81: AU81 | AX81: AX81 | BA81: BA81 | BD81: Estado físico equipo | BK81: BK81 | BP81: BP81
A82: Aisladores | K82: K82 | N82: N82 | Q82: Q82 | T82: T82 | W82: W82 | Z82: Z82 | AC82: AC82 | AF82: AF82 | AI82: AI82 | AL82: AL82 | AO82: AQ82 | AR82: AR82 | AU82: AU82 | AX82: AX82 | BA82: BA82 | BD82: Aisladores | BK82: BK82 | BP82: BP82
A83: Conectores | K83: K83 | N83: N83 | Q83: Q83 | T83: T83 | W83: W83 | Z83: Z83 | AC83: AC83 | AF83: AF83 | AI83: AI83 | AL83: AL83 | AO83: AQ83 | AR83: AR83 | AU83: AU83 | AX83: AX83 | BA83: BA83 | BD83: Conectores | BK83: BK83 | BP83: BP83
A84: Enganche (Lam - Gat) | K84: K84 | N84: N84 | Q84: Q84 | T84: T84 | W84: W84 | Z84: Z84 | AC84: AC84 | AF84: AF84 | AI84: AI84 | AL84: AL84 | AO84: AQ84 | AR84: AR84 | AU84: AU84 | AX84: AX84 | BA84: BA84 | BD84: Conductor | BK84: BK84 | BP84: BP84
A85: Conductor | K85: K85 | N85: N85 | Q85: Q85 | T85: T85 | W85: W85 | Z85: Z85 | AC85: AC85 | AF85: AF85 | AI85: AI85 | AL85: AL85 | AO85: AQ85 | AR85: AR85 | AU85: AU85 | AX85: AX85 | BA85: BA85 | BD85: Conexión | BK85: BK85 | BP85: BP85
A86: OBSERVACIONES:
A87: a87
A88: INSTALACIONES/LOCATIVAS
A89: DETALLE | I89: ESTADO | Y89: DETALLE | AK89: ESTADO | BA89: OBSERVACIONES:
A90: Iluminación | I90: Óptima | N90: N90 | Q90: Regular | V90: V90 | Y90: Candado | AK90: Óptimo | AP90: AP90 | AS90: Regular | AX90: AX90 | BA90: BA90
A91: Aseo | I91: Óptima | N91: N91 | Q91: Regular | V91: V91 | Y91: Acceso vehicular | AK91: Óptimo | AP91: AP91 | AS91: Regular | AX91: AX91
A92: Maleza | I92: Óptima | N92: N92 | Q92: Regular | V92: V92 | Y92: Zona Tránsito Vehicular | AK92: Óptimo | AP92: AP92 | AS92: Regular | AX92: AX92
A93: Triturado | I93: Óptimo | N93: N93 | Q93: Regular | V93: V93 | Y93: Canal. aguas lluvias | AK93: Óptimo | AP93: AP93 | AS93: Regular | AX93: AX93
A94: Encerramiento | I94: Óptimo | N94: N94 | Q94: Regular | V94: V94 | Y94: Cámara Vigilancia | AK94: Óptimo | AP94: AP94 | AS94: Regular | AX94: AX94
B97: Revisado por: | K97: K97 | AD97: Aprobado por: | AN97: AN97
AM98: Profesional P1 Mantenimiento y Montajes - Subestaciones y Líneas
A101: CÓDIGO: PLT_201_MST_032 / V: 2.0 / Fecha última actualización 2024/02/28

Sheet Hoja1
A1: Num | B1: Nombre | C1: ID | D1: Tipo de Entrada | E1: Mapeo | F1: Pagina | G1: Fila
A2: 1 | B2: fecha | C2: fecha | D2: date | E2: =+PLT_201_MST_032_ACT!AN4 -> AN4 | F2: 1. Datos Generales | G2: 100
A3: 2 | B3: ejecuto | C3: ejecuto | D3: text | E3: =+PLT_201_MST_032_ACT!J4 -> J4 | F3: 1. Datos Generales | G3: 105
A4: 3 | B4: UMERO OT | C4: umero_ot | D4: text | E4: =+PLT_201_MST_032_ACT!J5 -> J5 | F4: 1. Datos Generales | G4: 110
A5: 4 | B5: id_tt_fase_r | C5: id_tt_fase_r | D5: textarea | E5: =+PLT_201_MST_032_ACT!AS10 -> AS10 | F5: 2. NIVEL 13.8kV — TRANSFORMADORES DE TENSIÓN Y DPS 34.5 KV | G5: 145
A6: 5 | B6: id_tt_fase_s | C6: id_tt_fase_s | D6: textarea | E6: =+PLT_201_MST_032_ACT!BD10 -> BD10 | F6: 2. NIVEL 13.8kV — TRANSFORMADORES DE TENSIÓN Y DPS 34.5 KV | G6: 147
A7: 6 | B7: id__tt_fase_t | C7: id__tt_fase_t | D7: textarea | E7: =+PLT_201_MST_032_ACT!BO10 -> BQ10 | F7: 2. NIVEL 13.8kV — TRANSFORMADORES DE TENSIÓN Y DPS 34.5 KV | G7: 149
A8: 7 | B8: id_tt2p2f2_conectores_fase_a | C8: id_tt2p2f2_conectores_fase_a | D8: select | E8: =+PLT_201_MST_032_ACT!J12 -> J12 | F8: 2. NIVEL 13.8kV — TRANSFORMADORES DE TENSIÓN Y DPS 34.5 KV | G8: 153
A9: 8 | B9: id_ttp2f3_conectores_fase_b | C9: id_ttp2f3_conectores_fase_b | D9: select | E9: =+PLT_201_MST_032_ACT!P12 -> P12 | F9: 2. NIVEL 13.8kV — TRANSFORMADORES DE TENSIÓN Y DPS 34.5 KV | G9: 154
A10: 9 | B10: id_ttp2f3_conectores_fase_c | C10: id_ttp2f3_conectores_fase_c | D10: select | E10: =+PLT_201_MST_032_ACT!V12 -> V12 | F10: 2. NIVEL 13.8kV — TRANSFORMADORES DE TENSIÓN Y DPS 34.5 KV | G10: 155
A11: 10 | B11: id_ttp2f3_conectores_ft | C11: id_ttp2f3_conectores_ft | D11: select | E11: =+PLT_201_MST_032_ACT!AB12 -> AB12 | F11: 2. NIVEL 13.8kV — TRANSFORMADORES DE TENSIÓN Y DPS 34.5 KV | G11: 156
A12: 11 | B12: observaciones | C12: observaciones | D12: text | E12: ae13 | F12: 2. NIVEL 13.8kV — TRANSFORMADORES DE TENSIÓN Y DPS 34.5 KV | G12: 158
A13: 12 | B13: id_ttp2f3_porcelana_fase_a | C13: id_ttp2f3_porcelana_fase_a | D13: select | E13: =+PLT_201_MST_032_ACT!J13 -> J13 | F13: 2. NIVEL 13.8kV — TRANSFORMADORES DE TENSIÓN Y DPS 34.5 KV | G13: 162
A14: 13 | B14: id_ttp2f3_porcelana_fase_b | C14: id_ttp2f3_porcelana_fase_b | D14: select | E14: =+PLT_201_MST_032_ACT!P13 -> P13 | F14: 2. NIVEL 13.8kV — TRANSFORMADORES DE TENSIÓN Y DPS 34.5 KV | G14: 163
A15: 14 | B15: id_ttp2f3_porcelana_fase_c | C15: id_ttp2f3_porcelana_fase_c | D15: select | E15: =+PLT_201_MST_032_ACT!V13 -> V13 | F15: 2. NIVEL 13.8kV — TRANSFORMADORES DE TENSIÓN Y DPS 34.5 KV | G15: 164
A16: 15 | B16: id_ttp2f3__porcelana_fase_ft | C16: id_ttp2f3__porcelana_fase_ft | D16: select | E16: =+PLT_201_MST_032_ACT!AB13 -> AB13 | F16: 2. NIVEL 13.8kV — TRANSFORMADORES DE TENSIÓN Y DPS 34.5 KV | G16: 165
A17: 16 | B17: id_ttp2f4_Caja_agrupamiento_fase_a | C17: id_ttp2f4_caja_agrupamiento_fase_a | D17: select | E17: =+PLT_201_MST_032_ACT!J14 -> J14 | F17: 2. NIVEL 13.8kV — TRANSFORMADORES DE TENSIÓN Y DPS 34.5 KV | G17: 169
A18: 17 | B18: id_ttp2f4_Caja_agrupamiento_fase_b | C18: id_ttp2f4_caja_agrupamiento_fase_b | D18: select | E18: =+PLT_201_MST_032_ACT!P14 -> P14 | F18: 2. NIVEL 13.8kV — TRANSFORMADORES DE TENSIÓN Y DPS 34.5 KV | G18: 170
A19: 18 | B19: id_ttp2f4Caja_agrupamiento_fase_c | C19: id_ttp2f4caja_agrupamiento_fase_c | D19: select | E19: =+PLT_201_MST_032_ACT!V14 -> V14 | F19: 2. NIVEL 13.8kV — TRANSFORMADORES DE TENSIÓN Y DPS 34.5 KV | G19: 171
A20: 19 | B20: id_ttp2f4_Caja_agrupamiento_fase_ft | C20: id_ttp2f4_caja_agrupamiento_fase_ft | D20: select | E20: =+PLT_201_MST_032_ACT!AB14 -> AB14 | F20: 2. NIVEL 13.8kV — TRANSFORMADORES DE TENSIÓN Y DPS 34.5 KV | G20: 172
A21: 20 | B21: id_ttp2f5_Limpieza_fase_a | C21: id_ttp2f5_limpieza_fase_a | D21: select | E21: =+PLT_201_MST_032_ACT!J15 -> J15 | F21: 2. NIVEL 13.8kV — TRANSFORMADORES DE TENSIÓN Y DPS 34.5 KV | G21: 176
A22: 21 | B22: id_ttp2f5_Limpieza_fase_b | C22: id_ttp2f5_limpieza_fase_b | D22: select | E22: =+PLT_201_MST_032_ACT!P15 -> P15 | F22: 2. NIVEL 13.8kV — TRANSFORMADORES DE TENSIÓN Y DPS 34.5 KV | G22: 177
A23: 22 | B23: id_ttp2f5_Limpieza_fase_c | C23: id_ttp2f5_limpieza_fase_c | D23: select | E23: =+PLT_201_MST_032_ACT!V15 -> V15 | F23: 2. NIVEL 13.8kV — TRANSFORMADORES DE TENSIÓN Y DPS 34.5 KV | G23: 178
A24: 23 | B24: id_ttp2f5_Limpieza_ft | C24: id_ttp2f5_limpieza_ft | D24: select | E24: =+PLT_201_MST_032_ACT!AB15 -> AB15 | F24: 2. NIVEL 13.8kV — TRANSFORMADORES DE TENSIÓN Y DPS 34.5 KV | G24: 179
A25: 24 | B25: id_ttp2f6_Limpiez-Cableado_fase_a | C25: id_ttp2f6_limpiez_cableado_fase_a | D25: select | E25: =+PLT_201_MST_032_ACT!J16 -> J16 | F25: 2. NIVEL 13.8kV — TRANSFORMADORES DE TENSIÓN Y DPS 34.5 KV | G25: 183
A26: 25 | B26: id_ttp2f6_Limpiez-Cableado_fase_b | C26: id_ttp2f6_limpiez_cableado_fase_b | D26: select | E26: =+PLT_201_MST_032_ACT!P16 -> P16 | F26: 2. NIVEL 13.8kV — TRANSFORMADORES DE TENSIÓN Y DPS 34.5 KV | G26: 184
A27: 26 | B27: id_ttp2f6_Limpiez-Cableado_fase_c | C27: id_ttp2f6_limpiez_cableado_fase_c | D27: select | E27: =+PLT_201_MST_032_ACT!V16 -> V16 | F27: 2. NIVEL 13.8kV — TRANSFORMADORES DE TENSIÓN Y DPS 34.5 KV | G27: 185
A28: 27 | B28: id_ttp2f6_Limpiez-Cableado_fase_ft | C28: id_ttp2f6_limpiez_cableado_fase_ft | D28: select | E28: =+PLT_201_MST_032_ACT!AB16 -> AB16 | F28: 2. NIVEL 13.8kV — TRANSFORMADORES DE TENSIÓN Y DPS 34.5 KV | G28: 186
A29: 28 | B29: id_ttp2f7_Limpieza_Puesta_tierra_fase_a | C29: id_ttp2f7_limpieza_puesta_tierra_fase_a | D29: select | E29: =+PLT_201_MST_032_ACT!J17 -> J17 | F29: 2. NIVEL 13.8kV — TRANSFORMADORES DE TENSIÓN Y DPS 34.5 KV | G29: 190
A30: 29 | B30: id_ttp2f7_Limpieza_Puesta_tierra_fase_b | C30: id_ttp2f7_limpieza_puesta_tierra_fase_b | D30: select | E30: =+PLT_201_MST_032_ACT!P17 -> P17 | F30: 2. NIVEL 13.8kV — TRANSFORMADORES DE TENSIÓN Y DPS 34.5 KV | G30: 191
A31: 30 | B31: id_ttp2f7_Limpieza_Puesta_tierra_fase_c | C31: id_ttp2f7_limpieza_puesta_tierra_fase_c | D31: select | E31: =+PLT_201_MST_032_ACT!V17 -> V17 | F31: 2. NIVEL 13.8kV — TRANSFORMADORES DE TENSIÓN Y DPS 34.5 KV | G31: 192
A32: 31 | B32: id_ttp2f7_Limpieza_Puesta_tierra_ft | C32: id_ttp2f7_limpieza_puesta_tierra_ft | D32: select | E32: =+PLT_201_MST_032_ACT!AB17 -> AB17 | F32: 2. NIVEL 13.8kV — TRANSFORMADORES DE TENSIÓN Y DPS 34.5 KV | G32: 193
A33: 32 | B33: OBSERVACIONES | C33: observaciones_1 | D33: text | E33: =+PLT_201_MST_032_ACT!AE13 -> AE10 | F33: 3. NIVEL 13.8kV — SECCIONADORES ASOCIADOS 34.5 KV | G33: 211
A34: 33 | B34: it_Estado | C34: it_estado_sb11 | D34: select | E34: =+PLT_201_MST_032_ACT!J21 -> J21 | F34: 3. NIVEL 13.8kV — SECCIONADORES ASOCIADOS 34.5 KV | G34: 215
A35: 34 | B35: it_Estado | C35: it_estado_1_sb12 | D35: select | E35: =+PLT_201_MST_032_ACT!N21 -> N21 | F35: 3. NIVEL 13.8kV — SECCIONADORES ASOCIADOS 34.5 KV | G35: 216
A36: 35 | B36: it_Conectores_SB11 | C36: it_conectores_sb11 | D36: select | E36: =+PLT_201_MST_032_ACT!J22 -> J22 | F36: 3. NIVEL 13.8kV — SECCIONADORES ASOCIADOS 34.5 KV | G36: 221
A37: 36 | B37: it_Conectores_SB12 | C37: it_conectores_sb12 | D37: select | E37: =+PLT_201_MST_032_ACT!N22 -> N22 | F37: 3. NIVEL 13.8kV — SECCIONADORES ASOCIADOS 34.5 KV | G37: 222
A38: 37 | B38: it_Porcelana_SB11 | C38: it_porcelana_sb11 | D38: select | E38: =+PLT_201_MST_032_ACT!J23 -> J23 | F38: 3. NIVEL 13.8kV — SECCIONADORES ASOCIADOS 34.5 KV | G38: 226
A39: 38 | B39: it_Porcelana_SB12 | C39: it_porcelana_sb12 | D39: select | E39: =+PLT_201_MST_032_ACT!N23 -> N23 | F39: 3. NIVEL 13.8kV — SECCIONADORES ASOCIADOS 34.5 KV | G39: 227
A40: 39 | B40: it_Mecanismo | C40: it_mecanismo | D40: select | E40: =+PLT_201_MST_032_ACT!J24 -> J24 | F40: 3. NIVEL 13.8kV — SECCIONADORES ASOCIADOS 34.5 KV | G40: 231
A41: 40 | B41: it_Aisladores | C41: it_aisladores | D41: select | E41: =+PLT_201_MST_032_ACT!N24 -> N24 | F41: 3. NIVEL 13.8kV — SECCIONADORES ASOCIADOS 34.5 KV | G41: 233
A42: 41 | B42: it_Estado | C42: it_estado_2_sb11 | D42: select | E42: =+PLT_201_MST_032_ACT!AA21 -> AA21 | F42: 3. NIVEL 13.8kV — SECCIONADORES ASOCIADOS 34.5 KV | G42: 237
A43: 42 | B43: it_Estado | C43: it_estado_3_sb12 | D43: select | E43: =+PLT_201_MST_032_ACT!AE21 -> AE21 | F43: 3. NIVEL 13.8kV — SECCIONADORES ASOCIADOS 34.5 KV | G43: 238
A44: 43 | B44: it_Gab. De Control | C44: it_gab_de_control_sb11 | D44: select | E44: =+PLT_201_MST_032_ACT!AA22 -> AA22 | F44: 3. NIVEL 13.8kV — SECCIONADORES ASOCIADOS 34.5 KV | G44: 242
A45: 44 | B45: it_Gab_Control_SB12 | C45: it_gab_control_sb12 | D45: select | E45: =+PLT_201_MST_032_ACT!AE22 -> AE22 | F45: 3. NIVEL 13.8kV — SECCIONADORES ASOCIADOS 34.5 KV | G45: 243
A46: 45 | B46: it_Aisladores_SB11 | C46: it_aisladores_sb11 | D46: select | E46: =+PLT_201_MST_032_ACT!AA23 -> AA23 | F46: 3. NIVEL 13.8kV — SECCIONADORES ASOCIADOS 34.5 KV | G46: 247
A47: 46 | B47: it_Aisladores_SB12 | C47: it_aisladores_sb12 | D47: select | E47: =+PLT_201_MST_032_ACT!AE23 -> AE23 | F47: 3. NIVEL 13.8kV — SECCIONADORES ASOCIADOS 34.5 KV | G47: 248
A48: 47 | B48: it_Puesta_tierra_SB11 | C48: it_puesta_tierra_sb11 | D48: select | E48: aa24 | F48: 3. NIVEL 13.8kV — SECCIONADORES ASOCIADOS 34.5 KV | G48: 252
A49: 48 | B49: it_Puesta_tierras_SB12 | C49: it_puesta_tierras_sb12 | D49: select | E49: =+PLT_201_MST_032_ACT!AE24 -> AE24 | F49: 3. NIVEL 13.8kV — SECCIONADORES ASOCIADOS 34.5 KV | G49: 253
A50: 49 | B50: it_Puesta_tierras_SB12 | C50: it_puesta_tierras_sb12_1 | D50: select | F50: 3. NIVEL 13.8kV — SECCIONADORES ASOCIADOS 34.5 KV | G50: 254
A51: 50 | B51: it_p4f1_conectores | C51: it_p4f1_conectores | D51: select | E51: =+PLT_201_MST_032_ACT!H28 -> H28 | F51: 4. NIVEL 13.8kV — NIVEL 34.5KV TRANSFORMADOR DE CORRIENTE INTERRUPTOR DE 34.5KV IT 10 PRESIONES DE SF6 Y MANIOBRAS INTERRUPTOR IT20 | G51: 267
A52: 51 | B52: it_p4f1_conectores_1 | C52: it_p4f1_conectores_1_IT10 | D52: text | E52: x28 | F52: 4. NIVEL 13.8kV — NIVEL 34.5KV TRANSFORMADOR DE CORRIENTE INTERRUPTOR DE 34.5KV IT 10 PRESIONES DE SF6 Y MANIOBRAS INTERRUPTOR IT20 | G52: 268
A53: 52 | B53: it_p4f1_Mangueraspresión | C53: it_p4f1_mangueraspresión | D53: select | E53: =+PLT_201_MST_032_ACT!AM28 -> AM28 | F53: 4. NIVEL 13.8kV — NIVEL 34.5KV TRANSFORMADOR DE CORRIENTE INTERRUPTOR DE 34.5KV IT 10 PRESIONES DE SF6 Y MANIOBRAS INTERRUPTOR IT20 | G53: 269
A54: 53 | B54: it_sap4f4_Breakers | C54: it_sap4f4_breakers | D54: select | E54: =+PLT_201_MST_032_ACT!BB28 -> BB28 | F54: 4. NIVEL 13.8kV — NIVEL 34.5KV TRANSFORMADOR DE CORRIENTE INTERRUPTOR DE 34.5KV IT 10 PRESIONES DE SF6 Y MANIOBRAS INTERRUPTOR IT20 | G54: 271
A55: 54 | B55: presion_sf6_1 | C55: presion_sf6_1 | D55: text | E55: bp28 | F55: 4. NIVEL 13.8kV — NIVEL 34.5KV TRANSFORMADOR DE CORRIENTE INTERRUPTOR DE 34.5KV IT 10 PRESIONES DE SF6 Y MANIOBRAS INTERRUPTOR IT20 | G55: 273
A56: 55 | B56: it_p4f2_Porcelana | C56: it_p4f2_porcelana | D56: select | E56: =+PLT_201_MST_032_ACT!H29 -> H29 | F56: 4. NIVEL 13.8kV — NIVEL 34.5KV TRANSFORMADOR DE CORRIENTE INTERRUPTOR DE 34.5KV IT 10 PRESIONES DE SF6 Y MANIOBRAS INTERRUPTOR IT20 | G56: 276
A57: 56 | B57: it_Conductores eléctr | C57: it_conductores_eléctr | D57: select | E57: x29 | F57: 4. NIVEL 13.8kV — NIVEL 34.5KV TRANSFORMADOR DE CORRIENTE INTERRUPTOR DE 34.5KV IT 10 PRESIONES DE SF6 Y MANIOBRAS INTERRUPTOR IT20 | G57: 277
A58: 57 | B58: it_Iluminación | C58: it_iluminación | D58: select | E58: =+PLT_201_MST_032_ACT!BB29 -> BB29 | F58: 4. NIVEL 13.8kV — NIVEL 34.5KV TRANSFORMADOR DE CORRIENTE INTERRUPTOR DE 34.5KV IT 10 PRESIONES DE SF6 Y MANIOBRAS INTERRUPTOR IT20 | G58: 278
A59: 58 | B59: it_Estructura metálica | C59: it_estructura_metálica | D59: select | E59: =+PLT_201_MST_032_ACT!AM29 -> AM29 | F59: 4. NIVEL 13.8kV — NIVEL 34.5KV TRANSFORMADOR DE CORRIENTE INTERRUPTOR DE 34.5KV IT 10 PRESIONES DE SF6 Y MANIOBRAS INTERRUPTOR IT20 | G59: 280
A60: 59 | B60: presión_leída | C60: presión_leída | D60: text | E60: bp30 | F60: 4. NIVEL 13.8kV — NIVEL 34.5KV TRANSFORMADOR DE CORRIENTE INTERRUPTOR DE 34.5KV IT 10 PRESIONES DE SF6 Y MANIOBRAS INTERRUPTOR IT20 | G60: 282
A61: 60 | B61: it_Caja_de_agrupamiento | C61: it_caja_de_agrupamiento | D61: select | E61: =+PLT_201_MST_032_ACT!H30 -> H30 | F61: 4. NIVEL 13.8kV — NIVEL 34.5KV TRANSFORMADOR DE CORRIENTE INTERRUPTOR DE 34.5KV IT 10 PRESIONES DE SF6 Y MANIOBRAS INTERRUPTOR IT20 | G61: 285
A62: 61 | B62: it_Porcelana | C62: it_porcelana | D62: select | E62: =+PLT_201_MST_032_ACT!X30 -> X30 | F62: 4. NIVEL 13.8kV — NIVEL 34.5KV TRANSFORMADOR DE CORRIENTE INTERRUPTOR DE 34.5KV IT 10 PRESIONES DE SF6 Y MANIOBRAS INTERRUPTOR IT20 | G62: 286
A63: 62 | B63: it_Puesta a tierra | C63: it_puesta_a_tierra | D63: select | E63: =+PLT_201_MST_032_ACT!AM30 -> AM30 | F63: 4. NIVEL 13.8kV — NIVEL 34.5KV TRANSFORMADOR DE CORRIENTE INTERRUPTOR DE 34.5KV IT 10 PRESIONES DE SF6 Y MANIOBRAS INTERRUPTOR IT20 | G63: 288
A64: 63 | B64: it_DPS | C64: it_dps | D64: select | E64: bb30 | F64: 4. NIVEL 13.8kV — NIVEL 34.5KV TRANSFORMADOR DE CORRIENTE INTERRUPTOR DE 34.5KV IT 10 PRESIONES DE SF6 Y MANIOBRAS INTERRUPTOR IT20 | G64: 289
A65: 64 | B65: número_maniobras_interruptor_it10 | C65: número_maniobras_interruptor_it10 | D65: text | E65: =+PLT_201_MST_032_ACT!BP32 -> BP32 | F65: 4. NIVEL 13.8kV — NIVEL 34.5KV TRANSFORMADOR DE CORRIENTE INTERRUPTOR DE 34.5KV IT 10 PRESIONES DE SF6 Y MANIOBRAS INTERRUPTOR IT20 | G65: 291
A66: 65 | B66: it_Limpieza | C66: it_limpieza | D66: select | E66: h31 | F66: 4. NIVEL 13.8kV — NIVEL 34.5KV TRANSFORMADOR DE CORRIENTE INTERRUPTOR DE 34.5KV IT 10 PRESIONES DE SF6 Y MANIOBRAS INTERRUPTOR IT20 | G66: 294
A67: 66 | B67: it_Sistema mecánico | C67: it_sistema_mecánico | D67: select | E67: =+PLT_201_MST_032_ACT!X31 -> X31 | F67: 4. NIVEL 13.8kV — NIVEL 34.5KV TRANSFORMADOR DE CORRIENTE INTERRUPTOR DE 34.5KV IT 10 PRESIONES DE SF6 Y MANIOBRAS INTERRUPTOR IT20 | G67: 295
A68: 67 | B68: it_Gabinete de control | C68: it_gabinete_de_control | D68: select | E68: =+PLT_201_MST_032_ACT!AM31 -> AM31 | F68: 4. NIVEL 13.8kV — NIVEL 34.5KV TRANSFORMADOR DE CORRIENTE INTERRUPTOR DE 34.5KV IT 10 PRESIONES DE SF6 Y MANIOBRAS INTERRUPTOR IT20 | G68: 296
A69: 68 | B69: it_Mandos | C69: it_mandos | D69: select | E69: =+PLT_201_MST_032_ACT!BB31 -> BB31 | F69: 4. NIVEL 13.8kV — NIVEL 34.5KV TRANSFORMADOR DE CORRIENTE INTERRUPTOR DE 34.5KV IT 10 PRESIONES DE SF6 Y MANIOBRAS INTERRUPTOR IT20 | G69: 298
A70: 69 | B70: it_Cableado | C70: it_cableado | D70: select | E70: =+PLT_201_MST_032_ACT!H32 -> H32 | F70: 4. NIVEL 13.8kV — NIVEL 34.5KV TRANSFORMADOR DE CORRIENTE INTERRUPTOR DE 34.5KV IT 10 PRESIONES DE SF6 Y MANIOBRAS INTERRUPTOR IT20 | G70: 301
A71: 70 | B71: it_PresionSF6 | C71: it_presionsf6 | D71: select | E71: =+PLT_201_MST_032_ACT!X32 -> X32 | F71: 4. NIVEL 13.8kV — NIVEL 34.5KV TRANSFORMADOR DE CORRIENTE INTERRUPTOR DE 34.5KV IT 10 PRESIONES DE SF6 Y MANIOBRAS INTERRUPTOR IT20 | G71: 302
A72: 71 | B72: it_Borneras | C72: it_borneras | D72: select | E72: =+PLT_201_MST_032_ACT!AM32 -> AM32 | F72: 4. NIVEL 13.8kV — NIVEL 34.5KV TRANSFORMADOR DE CORRIENTE INTERRUPTOR DE 34.5KV IT 10 PRESIONES DE SF6 Y MANIOBRAS INTERRUPTOR IT20 | G72: 303
A73: 72 | B73: it_Calefacción | C73: it_calefacción | D73: select | E73: =+PLT_201_MST_032_ACT!BB32 -> BB32 | F73: 4. NIVEL 13.8kV — NIVEL 34.5KV TRANSFORMADOR DE CORRIENTE INTERRUPTOR DE 34.5KV IT 10 PRESIONES DE SF6 Y MANIOBRAS INTERRUPTOR IT20 | G73: 305
A74: 73 | B74: it_puestaa_tierra | C74: it_puestaa_tierra | D74: text | E74: =+PLT_201_MST_032_ACT!H33 -> H33 | F74: 4. NIVEL 13.8kV — NIVEL 34.5KV TRANSFORMADOR DE CORRIENTE INTERRUPTOR DE 34.5KV IT 10 PRESIONES DE SF6 Y MANIOBRAS INTERRUPTOR IT20 | G74: 308
A75: 74 | B75: it_Manómetros | C75: it_manómetros | D75: select | E75: =+PLT_201_MST_032_ACT!X33 -> X33 | F75: 4. NIVEL 13.8kV — NIVEL 34.5KV TRANSFORMADOR DE CORRIENTE INTERRUPTOR DE 34.5KV IT 10 PRESIONES DE SF6 Y MANIOBRAS INTERRUPTOR IT20 | G75: 309
A76: 75 | B76: it_Cableado | C76: it_cableado_1 | D76: select | E76: =+PLT_201_MST_032_ACT!AM33 -> AM33 | F76: 4. NIVEL 13.8kV — NIVEL 34.5KV TRANSFORMADOR DE CORRIENTE INTERRUPTOR DE 34.5KV IT 10 PRESIONES DE SF6 Y MANIOBRAS INTERRUPTOR IT20 | G76: 310
A77: 76 | B77: it_Limpieza | C77: it_limpieza_1 | D77: select | E77: =+PLT_201_MST_032_ACT!BB33 -> BB33 | F77: 4. NIVEL 13.8kV — NIVEL 34.5KV TRANSFORMADOR DE CORRIENTE INTERRUPTOR DE 34.5KV IT 10 PRESIONES DE SF6 Y MANIOBRAS INTERRUPTOR IT20 | G77: 312
A78: 77 | B78: observaciones_2 | C78: observaciones_2 | D78: text | E78: =+PLT_201_MST_032_ACT!AM34 -> am34 | F78: 4. NIVEL 13.8kV — NIVEL 34.5KV TRANSFORMADOR DE CORRIENTE INTERRUPTOR DE 34.5KV IT 10 PRESIONES DE SF6 Y MANIOBRAS INTERRUPTOR IT20 | G78: 316
A79: 78 | B79: it_Conductores primarios | C79: it_conductores_primarios | D79: select | E79: =+PLT_201_MST_032_ACT!M36 -> M36 | F79: 5. TRANSFORMADOR 34.5/13.8kV | G79: 330
A80: 79 | B80: it_gabinete_de_control_1 | C80: it_gabinete_de_control_1 | D80: text | E80: =+PLT_201_MST_032_ACT!AF36 -> AF36 | F80: 5. TRANSFORMADOR 34.5/13.8kV | G80: 331
A81: 80 | B81: it_Conectores | C81: it_conectores | D81: select | E81: =+PLT_201_MST_032_ACT!M37 -> M37 | F81: 5. TRANSFORMADOR 34.5/13.8kV | G81: 339
A82: 81 | B82: it_Accionamiento | C82: it_accionamiento | D82: select | F82: 5. TRANSFORMADOR 34.5/13.8kV | G82: 341
A83: 82 | B83: FASE R PRIM | C83: fase_r_prim | D83: text | E83: =+PLT_201_MST_032_ACT!AR37 -> AR37 | F83: 5. TRANSFORMADOR 34.5/13.8kV | G83: 343
A84: 83 | B84: FASE R SECUND | C84: fase_r_secund | D84: text | E84: =+PLT_201_MST_032_ACT!AW37 -> AW37 | F84: 5. TRANSFORMADOR 34.5/13.8kV | G84: 344
A85: 84 | B85: Estado silica gel | C85: estado_silica_gel | D85: text | E85: =+PLT_201_MST_032_ACT!BB37 -> BB37 | F85: 5. TRANSFORMADOR 34.5/13.8kV | G85: 345
A86: 85 | B86: it_Bujes primarios | C86: it_bujes_primarios | D86: select | E86: =+PLT_201_MST_032_ACT!M38 -> M38 | F86: 5. TRANSFORMADOR 34.5/13.8kV | G86: 349
A87: 86 | B87: it_Bornera | C87: it_bornera | D87: select | E87: =+PLT_201_MST_032_ACT!AF38 -> AF38 | F87: 5. TRANSFORMADOR 34.5/13.8kV | G87: 350
A88: 87 | B88: FASE S PRIM | C88: fase_s_prim | D88: text | E88: =+PLT_201_MST_032_ACT!AR38 -> AR38 | F88: 5. TRANSFORMADOR 34.5/13.8kV | G88: 352
A89: 88 | B89: FASE S SECUND | C89: fase_s_secund | D89: text | E89: =+PLT_201_MST_032_ACT!AW38 -> aw38 | F89: 5. TRANSFORMADOR 34.5/13.8kV | G89: 353
A90: 89 | B90: 80ºC Max. | C90: 80ºc_max | D90: text | E90: =+PLT_201_MST_032_ACT!BS38 -> BS38 | F90: 5. TRANSFORMADOR 34.5/13.8kV | G90: 356
A91: 90 | B91: it_Bujes secundarios | C91: it_bujes_secundarios | D91: select | E91: =+PLT_201_MST_032_ACT!M39 -> M39 | F91: 5. TRANSFORMADOR 34.5/13.8kV | G91: 360
A92: 91 | B92: it_Cableado | C92: it_cableado_2 | D92: select | E92: =+PLT_201_MST_032_ACT!AF39 -> AF39 | F92: 5. TRANSFORMADOR 34.5/13.8kV | G92: 361
A93: 92 | B93: FASE T PRIM | C93: fase_t_prim | D93: text | E93: =+PLT_201_MST_032_ACT!AR39 -> AR39 | F93: 5. TRANSFORMADOR 34.5/13.8kV | G93: 363
A94: 93 | B94: FASE T SECUND. | C94: fase_t_secund | D94: text | E94: =+PLT_201_MST_032_ACT!AW39 -> AW39 | F94: 5. TRANSFORMADOR 34.5/13.8kV | G94: 364
A95: 94 | B95: Color actual del GEL | C95: color_actual_del_gel | D95: text | E95: =+PLT_201_MST_032_ACT!BG38 -> BG38 | F95: 5. TRANSFORMADOR 34.5/13.8kV | G95: 365
A96: 95 | B96: 25ºC Max. | C96: 25ºc_max | D96: text | E96: =+PLT_201_MST_032_ACT!BS40 -> BS40 | F96: 5. TRANSFORMADOR 34.5/13.8kV | G96: 367
A97: 96 | B97: it_Silica gel | C97: it_silica_gel | D97: select | E97: =+PLT_201_MST_032_ACT!M40 -> M40 | F97: 5. TRANSFORMADOR 34.5/13.8kV | G97: 370
A98: 97 | B98: it_Cableado | C98: it_cableado_3 | D98: select | E98: =+PLT_201_MST_032_ACT!AF39 -> AF39 | F98: 5. TRANSFORMADOR 34.5/13.8kV | G98: 371
A99: 98 | B99: 20ºC Max. | C99: 20ºc_max | D99: text | E99: =+PLT_201_MST_032_ACT!BS42 -> BS42 | F99: 5. TRANSFORMADOR 34.5/13.8kV | G99: 375
A100: 99 | B100: it_Termómetro del aceite | C100: it_termómetro_del_aceite | D100: select | E100: =+PLT_201_MST_032_ACT!M41 -> M41 | F100: 5. TRANSFORMADOR 34.5/13.8kV | G100: 379
...
